repeat,seed,strategy,threshold_name,threshold,accuracy,balanced_accuracy,precision,recall,f1,confusion_matrix,roc_auc
1,17,baseline,soc,0.4,0.75,0.7135549872122762,0.7096774193548387,0.9565217391304348,0.8148148148148148,"[[8, 9], [1, 22]]",0.7928388746803069
1,17,baseline,balanced,0.5,0.75,0.7365728900255755,0.76,0.8260869565217391,0.7916666666666666,"[[11, 6], [4, 19]]",0.7928388746803069
1,17,baseline,high_confidence,0.6,0.625,0.6508951406649617,0.7857142857142857,0.4782608695652174,0.5945945945945946,"[[14, 3], [12, 11]]",0.7928388746803069
1,17,baseline,dev_optimized,0.4,0.75,0.7135549872122762,0.7096774193548387,0.9565217391304348,0.8148148148148148,"[[8, 9], [1, 22]]",0.7928388746803069
1,17,optimized,soc,0.4,0.85,0.8235294117647058,0.7931034482758621,1.0,0.8846153846153846,"[[11, 6], [0, 23]]",0.9820971867007673
1,17,optimized,balanced,0.5,0.9,0.8823529411764706,0.8518518518518519,1.0,0.92,"[[13, 4], [0, 23]]",0.9820971867007673
1,17,optimized,high_confidence,0.6,0.9,0.8976982097186701,0.9130434782608695,0.9130434782608695,0.9130434782608695,"[[15, 2], [2, 21]]",0.9820971867007673
1,17,optimized,dev_optimized,0.55,0.925,0.9194373401534527,0.9166666666666666,0.9565217391304348,0.9361702127659575,"[[15, 2], [1, 22]]",0.9820971867007673
1,17,meta_experimental,soc,0.4,0.975,0.9705882352941176,0.9583333333333334,1.0,0.9787234042553191,"[[16, 1], [0, 23]]",1.0
1,17,meta_experimental,balanced,0.5,0.975,0.9705882352941176,0.9583333333333334,1.0,0.9787234042553191,"[[16, 1], [0, 23]]",1.0
1,17,meta_experimental,high_confidence,0.6,1.0,1.0,1.0,1.0,1.0,"[[17, 0], [0, 23]]",1.0
1,17,meta_experimental,dev_optimized,0.7,1.0,1.0,1.0,1.0,1.0,"[[17, 0], [0, 23]]",1.0
2,23,baseline,soc,0.4,0.825,0.7941176470588236,0.7666666666666667,1.0,0.8679245283018868,"[[10, 7], [0, 23]]",0.9462915601023018
2,23,baseline,balanced,0.5,0.85,0.8542199488491049,0.9047619047619048,0.8260869565217391,0.8636363636363636,"[[15, 2], [4, 19]]",0.9462915601023018
2,23,baseline,high_confidence,0.6,0.65,0.6956521739130435,1.0,0.391304347826087,0.5625,"[[17, 0], [14, 9]]",0.9462915601023018
2,23,baseline,dev_optimized,0.45,0.9,0.8976982097186701,0.9130434782608695,0.9130434782608695,0.9130434782608695,"[[15, 2], [2, 21]]",0.9462915601023018
2,23,optimized,soc,0.4,0.95,0.9411764705882353,0.92,1.0,0.9583333333333334,"[[15, 2], [0, 23]]",0.9923273657289002
2,23,optimized,balanced,0.5,0.975,0.9705882352941176,0.9583333333333334,1.0,0.9787234042553191,"[[16, 1], [0, 23]]",0.9923273657289002
2,23,optimized,high_confidence,0.6,0.925,0.9347826086956521,1.0,0.8695652173913043,0.9302325581395349,"[[17, 0], [3, 20]]",0.9923273657289002
2,23,optimized,dev_optimized,0.65,0.925,0.9347826086956521,1.0,0.8695652173913043,0.9302325581395349,"[[17, 0], [3, 20]]",0.9923273657289002
2,23,meta_experimental,soc,0.4,0.95,0.948849104859335,0.9565217391304348,0.9565217391304348,0.9565217391304348,"[[16, 1], [1, 22]]",0.9974424552429668
2,23,meta_experimental,balanced,0.5,0.95,0.948849104859335,0.9565217391304348,0.9565217391304348,0.9565217391304348,"[[16, 1], [1, 22]]",0.9974424552429668
2,23,meta_experimental,high_confidence,0.6,0.975,0.9782608695652174,1.0,0.9565217391304348,0.9777777777777777,"[[17, 0], [1, 22]]",0.9974424552429668
2,23,meta_experimental,dev_optimized,0.25,0.975,0.9705882352941176,0.9583333333333334,1.0,0.9787234042553191,"[[16, 1], [0, 23]]",0.9974424552429668
3,31,baseline,soc,0.4,0.8,0.7647058823529411,0.7419354838709677,1.0,0.8518518518518519,"[[9, 8], [0, 23]]",0.9028132992327366
3,31,baseline,balanced,0.5,0.75,0.7442455242966752,0.782608695652174,0.782608695652174,0.782608695652174,"[[12, 5], [5, 18]]",0.9028132992327366
3,31,baseline,high_confidence,0.6,0.775,0.8043478260869565,1.0,0.6086956521739131,0.7567567567567568,"[[17, 0], [9, 14]]",0.9028132992327366
3,31,baseline,dev_optimized,0.35,0.675,0.6176470588235294,0.6388888888888888,1.0,0.7796610169491526,"[[4, 13], [0, 23]]",0.9028132992327366
3,31,optimized,soc,0.4,0.925,0.9117647058823529,0.8846153846153846,1.0,0.9387755102040817,"[[14, 3], [0, 23]]",1.0
3,31,optimized,balanced,0.5,0.925,0.9117647058823529,0.8846153846153846,1.0,0.9387755102040817,"[[14, 3], [0, 23]]",1.0
3,31,optimized,high_confidence,0.6,1.0,1.0,1.0,1.0,1.0,"[[17, 0], [0, 23]]",1.0
3,31,optimized,dev_optimized,0.65,1.0,1.0,1.0,1.0,1.0,"[[17, 0], [0, 23]]",1.0
3,31,meta_experimental,soc,0.4,0.975,0.9705882352941176,0.9583333333333334,1.0,0.9787234042553191,"[[16, 1], [0, 23]]",1.0
3,31,meta_experimental,balanced,0.5,1.0,1.0,1.0,1.0,1.0,"[[17, 0], [0, 23]]",1.0
3,31,meta_experimental,high_confidence,0.6,1.0,1.0,1.0,1.0,1.0,"[[17, 0], [0, 23]]",1.0
3,31,meta_experimental,dev_optimized,0.25,0.95,0.9411764705882353,0.92,1.0,0.9583333333333334,"[[15, 2], [0, 23]]",1.0
4,47,baseline,soc,0.4,0.775,0.7352941176470589,0.71875,1.0,0.8363636363636363,"[[8, 9], [0, 23]]",0.8849104859335039
4,47,baseline,balanced,0.5,0.75,0.7442455242966752,0.782608695652174,0.782608695652174,0.782608695652174,"[[12, 5], [5, 18]]",0.8849104859335039
4,47,baseline,high_confidence,0.6,0.675,0.7020460358056266,0.8571428571428571,0.5217391304347826,0.6486486486486487,"[[15, 2], [11, 12]]",0.8849104859335039
4,47,baseline,dev_optimized,0.45,0.85,0.8312020460358056,0.8148148148148148,0.9565217391304348,0.88,"[[12, 5], [1, 22]]",0.8849104859335039
4,47,optimized,soc,0.4,0.85,0.8235294117647058,0.7931034482758621,1.0,0.8846153846153846,"[[11, 6], [0, 23]]",0.9961636828644501
4,47,optimized,balanced,0.5,0.925,0.9117647058823529,0.8846153846153846,1.0,0.9387755102040817,"[[14, 3], [0, 23]]",0.9961636828644501
4,47,optimized,high_confidence,0.6,0.975,0.9705882352941176,0.9583333333333334,1.0,0.9787234042553191,"[[16, 1], [0, 23]]",0.9961636828644501
4,47,optimized,dev_optimized,0.4,0.85,0.8235294117647058,0.7931034482758621,1.0,0.8846153846153846,"[[11, 6], [0, 23]]",0.9961636828644501
4,47,meta_experimental,soc,0.4,0.975,0.9705882352941176,0.9583333333333334,1.0,0.9787234042553191,"[[16, 1], [0, 23]]",1.0
4,47,meta_experimental,balanced,0.5,0.975,0.9705882352941176,0.9583333333333334,1.0,0.9787234042553191,"[[16, 1], [0, 23]]",1.0
4,47,meta_experimental,high_confidence,0.6,1.0,1.0,1.0,1.0,1.0,"[[17, 0], [0, 23]]",1.0
4,47,meta_experimental,dev_optimized,0.35,0.975,0.9705882352941176,0.9583333333333334,1.0,0.9787234042553191,"[[16, 1], [0, 23]]",1.0
5,59,baseline,soc,0.4,0.675,0.6406649616368286,0.6666666666666666,0.8695652173913043,0.7547169811320755,"[[7, 10], [3, 20]]",0.8107416879795397
5,59,baseline,balanced,0.5,0.75,0.7595907928388747,0.8421052631578947,0.6956521739130435,0.7619047619047619,"[[14, 3], [7, 16]]",0.8107416879795397
5,59,baseline,high_confidence,0.6,0.6,0.6445012787723785,0.8888888888888888,0.34782608695652173,0.5,"[[16, 1], [15, 8]]",0.8107416879795397
5,59,baseline,dev_optimized,0.45,0.85,0.8465473145780051,0.8695652173913043,0.8695652173913043,0.8695652173913043,"[[14, 3], [3, 20]]",0.8107416879795397
5,59,optimized,soc,0.4,0.9,0.8900255754475703,0.88,0.9565217391304348,0.9166666666666666,"[[14, 3], [1, 22]]",0.9514066496163682
5,59,optimized,balanced,0.5,0.9,0.8900255754475703,0.88,0.9565217391304348,0.9166666666666666,"[[14, 3], [1, 22]]",0.9514066496163682
5,59,optimized,high_confidence,0.6,0.925,0.9271099744245523,0.9545454545454546,0.9130434782608695,0.9333333333333333,"[[16, 1], [2, 21]]",0.9514066496163682
5,59,optimized,dev_optimized,0.45,0.9,0.8900255754475703,0.88,0.9565217391304348,0.9166666666666666,"[[14, 3], [1, 22]]",0.9514066496163682
5,59,meta_experimental,soc,0.4,0.95,0.9565217391304348,1.0,0.9130434782608695,0.9545454545454546,"[[17, 0], [2, 21]]",0.9948849104859335
5,59,meta_experimental,balanced,0.5,0.95,0.9565217391304348,1.0,0.9130434782608695,0.9545454545454546,"[[17, 0], [2, 21]]",0.9948849104859335
5,59,meta_experimental,high_confidence,0.6,0.95,0.9565217391304348,1.0,0.9130434782608695,0.9545454545454546,"[[17, 0], [2, 21]]",0.9948849104859335
5,59,meta_experimental,dev_optimized,0.35,0.95,0.9565217391304348,1.0,0.9130434782608695,0.9545454545454546,"[[17, 0], [2, 21]]",0.9948849104859335
